folds;netFscore;baseFscore;win;
2;0.86881019918+-0.0181768409016;0.790906970984+-0.0103291716653;"NN";
3;0.872341807131+-0.0158799393631;0.791210531891+-0.0110263746114;"NN";
4;0.880741603966+-0.0172698916003;0.792785092951+-0.0195123422955;"NN";
5;0.87509465256+-0.0206457140791;0.792044978055+-0.0176705425241;"NN";
6;0.87864060147+-0.0147106455415;0.792813916518+-0.0230779003184;"NN";
7;0.888201181802+-0.0248782366935;0.79460456283+-0.0211823138942;"NN";
8;0.872983783183+-0.023466280257;0.78576363384+-0.0227940415434;"NN";
9;0.866338838266+-0.0290264361359;0.777900943205+-0.036674005661;"NN";
10;0.876909851865+-0.0220740265965;0.77246637821+-0.0261000347145;"NN";
